technique,fraction,repeat,selection_seed,size,coverage_mean,coverage_max,stability_jaccard,classes,implementation,selection_seconds_total,selection_seconds_per_repeat,selection_cpu_seconds_total,rss_before_mb,rss_peak_mb,knn_backend,opf_scope,measurement_isolation
random,0.05,1,42,44,0.2356,0.7474,0.028,"{'regulatory': 48, 'traffic_light': 17}",random sampling control,0.0012611669953912497,0.0001576458744239062,0.001294999999999824,172.359375,172.484375,not_applicable,not_applicable,dedicated_process
random,0.05,2,43,44,0.2445,0.8619,0.028,"{'regulatory': 60, 'traffic_light': 14}",random sampling control,0.0012611669953912497,0.0001576458744239062,0.001294999999999824,172.359375,172.484375,not_applicable,not_applicable,dedicated_process
random,0.05,3,44,44,0.2456,0.9063,0.028,"{'regulatory': 53, 'traffic_light': 19}",random sampling control,0.0012611669953912497,0.0001576458744239062,0.001294999999999824,172.359375,172.484375,not_applicable,not_applicable,dedicated_process
random,0.05,4,45,44,0.2438,0.9167,0.028,"{'traffic_light': 20, 'regulatory': 55}",random sampling control,0.0012611669953912497,0.0001576458744239062,0.001294999999999824,172.359375,172.484375,not_applicable,not_applicable,dedicated_process
random,0.05,5,46,44,0.2395,0.7442,0.028,"{'traffic_light': 21, 'regulatory': 61}",random sampling control,0.0012611669953912497,0.0001576458744239062,0.001294999999999824,172.359375,172.484375,not_applicable,not_applicable,dedicated_process
random,0.05,6,47,44,0.2454,0.7731,0.028,"{'traffic_light': 18, 'regulatory': 52}",random sampling control,0.0012611669953912497,0.0001576458744239062,0.001294999999999824,172.359375,172.484375,not_applicable,not_applicable,dedicated_process
random,0.05,7,48,44,0.2416,0.8619,0.028,"{'regulatory': 46, 'traffic_light': 22}",random sampling control,0.0012611669953912497,0.0001576458744239062,0.001294999999999824,172.359375,172.484375,not_applicable,not_applicable,dedicated_process
random,0.05,8,49,44,0.242,0.8619,0.028,"{'regulatory': 50, 'traffic_light': 18}",random sampling control,0.0012611669953912497,0.0001576458744239062,0.001294999999999824,172.359375,172.484375,not_applicable,not_applicable,dedicated_process
kmeans_dinov2,0.05,1,42,44,0.2024,0.7054,0.252,"{'traffic_light': 18, 'regulatory': 48}",k-means + sample nearest to centroid on DINOv2 embeddings,198.73504025000148,24.841880031250184,848.29031,171.34375,182.796875,not_applicable,not_applicable,dedicated_process
kmeans_dinov2,0.05,2,43,44,0.2029,0.6951,0.252,"{'traffic_light': 21, 'regulatory': 47}",k-means + sample nearest to centroid on DINOv2 embeddings,198.73504025000148,24.841880031250184,848.29031,171.34375,182.796875,not_applicable,not_applicable,dedicated_process
kmeans_dinov2,0.05,3,44,44,0.2014,0.6868,0.252,"{'traffic_light': 22, 'regulatory': 50}",k-means + sample nearest to centroid on DINOv2 embeddings,198.73504025000148,24.841880031250184,848.29031,171.34375,182.796875,not_applicable,not_applicable,dedicated_process
kmeans_dinov2,0.05,4,45,44,0.2041,0.6951,0.252,"{'regulatory': 51, 'traffic_light': 18}",k-means + sample nearest to centroid on DINOv2 embeddings,198.73504025000148,24.841880031250184,848.29031,171.34375,182.796875,not_applicable,not_applicable,dedicated_process
kmeans_dinov2,0.05,5,46,44,0.2004,0.7054,0.252,"{'traffic_light': 21, 'regulatory': 52}",k-means + sample nearest to centroid on DINOv2 embeddings,198.73504025000148,24.841880031250184,848.29031,171.34375,182.796875,not_applicable,not_applicable,dedicated_process
kmeans_dinov2,0.05,6,47,44,0.2029,0.7482,0.252,"{'traffic_light': 26, 'regulatory': 46}",k-means + sample nearest to centroid on DINOv2 embeddings,198.73504025000148,24.841880031250184,848.29031,171.34375,182.796875,not_applicable,not_applicable,dedicated_process
kmeans_dinov2,0.05,7,48,44,0.2011,0.7482,0.252,"{'regulatory': 53, 'traffic_light': 24}",k-means + sample nearest to centroid on DINOv2 embeddings,198.73504025000148,24.841880031250184,848.29031,171.34375,182.796875,not_applicable,not_applicable,dedicated_process
kmeans_dinov2,0.05,8,49,44,0.1999,0.7316,0.252,"{'traffic_light': 21, 'regulatory': 56}",k-means + sample nearest to centroid on DINOv2 embeddings,198.73504025000148,24.841880031250184,848.29031,171.34375,182.796875,not_applicable,not_applicable,dedicated_process
opf_dinov2,0.05,1,42,44,0.247,0.905,1.0,"{'regulatory': 59, 'traffic_light': 21}",OPF root + quota on the full pool,5.653869125060737,5.653869125060737,4.984792999999999,171.453125,257.703125,not_applicable,full_pool,dedicated_process
typiclust_dinov2,0.05,1,42,44,0.2024,0.7482,0.245,"{'traffic_light': 22, 'regulatory': 46}",TypiClust,87.68430554203223,10.96053819275403,327.961009,170.15625,181.453125,sklearn_cosine_knn,not_applicable,dedicated_process
typiclust_dinov2,0.05,2,43,44,0.2028,0.6868,0.245,"{'regulatory': 55, 'traffic_light': 21}",TypiClust,87.68430554203223,10.96053819275403,327.961009,170.15625,181.453125,sklearn_cosine_knn,not_applicable,dedicated_process
typiclust_dinov2,0.05,3,44,44,0.2023,0.6868,0.245,"{'traffic_light': 22, 'regulatory': 50}",TypiClust,87.68430554203223,10.96053819275403,327.961009,170.15625,181.453125,sklearn_cosine_knn,not_applicable,dedicated_process
typiclust_dinov2,0.05,4,45,44,0.2021,0.6532,0.245,"{'traffic_light': 21, 'regulatory': 47}",TypiClust,87.68430554203223,10.96053819275403,327.961009,170.15625,181.453125,sklearn_cosine_knn,not_applicable,dedicated_process
typiclust_dinov2,0.05,5,46,44,0.2006,0.7054,0.245,"{'traffic_light': 21, 'regulatory': 51}",TypiClust,87.68430554203223,10.96053819275403,327.961009,170.15625,181.453125,sklearn_cosine_knn,not_applicable,dedicated_process
typiclust_dinov2,0.05,6,47,44,0.2039,0.7054,0.245,"{'traffic_light': 28, 'regulatory': 50}",TypiClust,87.68430554203223,10.96053819275403,327.961009,170.15625,181.453125,sklearn_cosine_knn,not_applicable,dedicated_process
typiclust_dinov2,0.05,7,48,44,0.2031,0.7482,0.245,"{'traffic_light': 23, 'regulatory': 49}",TypiClust,87.68430554203223,10.96053819275403,327.961009,170.15625,181.453125,sklearn_cosine_knn,not_applicable,dedicated_process
typiclust_dinov2,0.05,8,49,44,0.1998,0.7316,0.245,"{'traffic_light': 21, 'regulatory': 55}",TypiClust,87.68430554203223,10.96053819275403,327.961009,170.15625,181.453125,sklearn_cosine_knn,not_applicable,dedicated_process
probcover_dinov2,0.05,1,42,44,0.2081,0.7482,0.435,"{'regulatory': 51, 'traffic_light': 17}",ProbCover; unlabeled delta at purity >= 0.95,81.23425924999174,10.154282406248967,324.988733,164.390625,178.0,not_applicable,not_applicable,dedicated_process
probcover_dinov2,0.05,2,43,44,0.2098,0.7482,0.435,"{'regulatory': 53, 'traffic_light': 18}",ProbCover; unlabeled delta at purity >= 0.95,81.23425924999174,10.154282406248967,324.988733,164.390625,178.0,not_applicable,not_applicable,dedicated_process
probcover_dinov2,0.05,3,44,44,0.2068,0.7482,0.435,"{'regulatory': 46, 'traffic_light': 22}",ProbCover; unlabeled delta at purity >= 0.95,81.23425924999174,10.154282406248967,324.988733,164.390625,178.0,not_applicable,not_applicable,dedicated_process
probcover_dinov2,0.05,4,45,44,0.2076,0.7482,0.435,"{'regulatory': 49, 'traffic_light': 20}",ProbCover; unlabeled delta at purity >= 0.95,81.23425924999174,10.154282406248967,324.988733,164.390625,178.0,not_applicable,not_applicable,dedicated_process
probcover_dinov2,0.05,5,46,44,0.2067,0.7482,0.435,"{'regulatory': 49, 'traffic_light': 19}",ProbCover; unlabeled delta at purity >= 0.95,81.23425924999174,10.154282406248967,324.988733,164.390625,178.0,not_applicable,not_applicable,dedicated_process
probcover_dinov2,0.05,6,47,44,0.2078,0.7482,0.435,"{'regulatory': 48, 'traffic_light': 21}",ProbCover; unlabeled delta at purity >= 0.95,81.23425924999174,10.154282406248967,324.988733,164.390625,178.0,not_applicable,not_applicable,dedicated_process
probcover_dinov2,0.05,7,48,44,0.2089,0.7482,0.435,"{'regulatory': 51, 'traffic_light': 20}",ProbCover; unlabeled delta at purity >= 0.95,81.23425924999174,10.154282406248967,324.988733,164.390625,178.0,not_applicable,not_applicable,dedicated_process
probcover_dinov2,0.05,8,49,44,0.2087,0.7482,0.435,"{'regulatory': 51, 'traffic_light': 19}",ProbCover; unlabeled delta at purity >= 0.95,81.23425924999174,10.154282406248967,324.988733,164.390625,178.0,not_applicable,not_applicable,dedicated_process
freesel_dino,0.05,1,42,44,0.2553,0.6913,0.288,"{'regulatory': 47, 'traffic_light': 16}",FreeSel; FDS on local DINO patterns,9.391544166952372,1.1739430208690464,38.522136,171.59375,181.984375,not_applicable,not_applicable,dedicated_process
freesel_dino,0.05,2,43,44,0.2563,0.6593,0.288,"{'regulatory': 45, 'traffic_light': 12}",FreeSel; FDS on local DINO patterns,9.391544166952372,1.1739430208690464,38.522136,171.59375,181.984375,not_applicable,not_applicable,dedicated_process
freesel_dino,0.05,3,44,44,0.2574,0.6913,0.288,"{'regulatory': 45, 'traffic_light': 14}",FreeSel; FDS on local DINO patterns,9.391544166952372,1.1739430208690464,38.522136,171.59375,181.984375,not_applicable,not_applicable,dedicated_process
freesel_dino,0.05,4,45,44,0.2523,0.6593,0.288,"{'regulatory': 45, 'traffic_light': 15}",FreeSel; FDS on local DINO patterns,9.391544166952372,1.1739430208690464,38.522136,171.59375,181.984375,not_applicable,not_applicable,dedicated_process
freesel_dino,0.05,5,46,44,0.2624,0.7088,0.288,"{'regulatory': 38, 'traffic_light': 20}",FreeSel; FDS on local DINO patterns,9.391544166952372,1.1739430208690464,38.522136,171.59375,181.984375,not_applicable,not_applicable,dedicated_process
freesel_dino,0.05,6,47,44,0.2531,0.6593,0.288,"{'regulatory': 47, 'traffic_light': 12}",FreeSel; FDS on local DINO patterns,9.391544166952372,1.1739430208690464,38.522136,171.59375,181.984375,not_applicable,not_applicable,dedicated_process
freesel_dino,0.05,7,48,44,0.2574,0.6593,0.288,"{'traffic_light': 16, 'regulatory': 42}",FreeSel; FDS on local DINO patterns,9.391544166952372,1.1739430208690464,38.522136,171.59375,181.984375,not_applicable,not_applicable,dedicated_process
freesel_dino,0.05,8,49,44,0.2475,0.6378,0.288,"{'regulatory': 47, 'traffic_light': 15}",FreeSel; FDS on local DINO patterns,9.391544166952372,1.1739430208690464,38.522136,171.59375,181.984375,not_applicable,not_applicable,dedicated_process
random,0.1,1,42,89,0.1978,0.7173,0.058,"{'regulatory': 99, 'traffic_light': 39}",random sampling control,0.0016170829767361283,0.00020213537209201604,0.0015650000000002606,171.109375,171.25,not_applicable,not_applicable,dedicated_process
random,0.1,2,43,89,0.1968,0.6868,0.058,"{'regulatory': 117, 'traffic_light': 32}",random sampling control,0.0016170829767361283,0.00020213537209201604,0.0015650000000002606,171.109375,171.25,not_applicable,not_applicable,dedicated_process
random,0.1,3,44,89,0.2039,0.9063,0.058,"{'regulatory': 101, 'traffic_light': 43}",random sampling control,0.0016170829767361283,0.00020213537209201604,0.0015650000000002606,171.109375,171.25,not_applicable,not_applicable,dedicated_process
random,0.1,4,45,89,0.1989,0.7088,0.058,"{'regulatory': 110, 'traffic_light': 37}",random sampling control,0.0016170829767361283,0.00020213537209201604,0.0015650000000002606,171.109375,171.25,not_applicable,not_applicable,dedicated_process
random,0.1,5,46,89,0.1992,0.6426,0.058,"{'regulatory': 111, 'traffic_light': 39}",random sampling control,0.0016170829767361283,0.00020213537209201604,0.0015650000000002606,171.109375,171.25,not_applicable,not_applicable,dedicated_process
random,0.1,6,47,89,0.2038,0.7731,0.058,"{'regulatory': 112, 'traffic_light': 38}",random sampling control,0.0016170829767361283,0.00020213537209201604,0.0015650000000002606,171.109375,171.25,not_applicable,not_applicable,dedicated_process
random,0.1,7,48,89,0.2037,0.8619,0.058,"{'traffic_light': 41, 'regulatory': 91}",random sampling control,0.0016170829767361283,0.00020213537209201604,0.0015650000000002606,171.109375,171.25,not_applicable,not_applicable,dedicated_process
random,0.1,8,49,89,0.2009,0.6951,0.058,"{'regulatory': 102, 'traffic_light': 28}",random sampling control,0.0016170829767361283,0.00020213537209201604,0.0015650000000002606,171.109375,171.25,not_applicable,not_applicable,dedicated_process
kmeans_dinov2,0.1,1,42,89,0.1652,0.6868,0.279,"{'traffic_light': 41, 'regulatory': 100}",k-means + sample nearest to centroid on DINOv2 embeddings,347.80034125002567,43.47504265625321,1475.3101190000002,172.140625,180.921875,not_applicable,not_applicable,dedicated_process
kmeans_dinov2,0.1,2,43,89,0.1657,0.554,0.279,"{'traffic_light': 40, 'regulatory': 97}",k-means + sample nearest to centroid on DINOv2 embeddings,347.80034125002567,43.47504265625321,1475.3101190000002,172.140625,180.921875,not_applicable,not_applicable,dedicated_process
kmeans_dinov2,0.1,3,44,89,0.1662,0.5766,0.279,"{'traffic_light': 45, 'regulatory': 107}",k-means + sample nearest to centroid on DINOv2 embeddings,347.80034125002567,43.47504265625321,1475.3101190000002,172.140625,180.921875,not_applicable,not_applicable,dedicated_process
kmeans_dinov2,0.1,4,45,89,0.1658,0.6868,0.279,"{'traffic_light': 49, 'regulatory': 99}",k-means + sample nearest to centroid on DINOv2 embeddings,347.80034125002567,43.47504265625321,1475.3101190000002,172.140625,180.921875,not_applicable,not_applicable,dedicated_process
kmeans_dinov2,0.1,5,46,89,0.1652,0.6913,0.279,"{'traffic_light': 44, 'regulatory': 91}",k-means + sample nearest to centroid on DINOv2 embeddings,347.80034125002567,43.47504265625321,1475.3101190000002,172.140625,180.921875,not_applicable,not_applicable,dedicated_process
kmeans_dinov2,0.1,6,47,89,0.1675,0.5621,0.279,"{'regulatory': 105, 'traffic_light': 39}",k-means + sample nearest to centroid on DINOv2 embeddings,347.80034125002567,43.47504265625321,1475.3101190000002,172.140625,180.921875,not_applicable,not_applicable,dedicated_process
kmeans_dinov2,0.1,7,48,89,0.1675,0.6868,0.279,"{'traffic_light': 38, 'regulatory': 97}",k-means + sample nearest to centroid on DINOv2 embeddings,347.80034125002567,43.47504265625321,1475.3101190000002,172.140625,180.921875,not_applicable,not_applicable,dedicated_process
kmeans_dinov2,0.1,8,49,89,0.1662,0.5295,0.279,"{'traffic_light': 38, 'regulatory': 108}",k-means + sample nearest to centroid on DINOv2 embeddings,347.80034125002567,43.47504265625321,1475.3101190000002,172.140625,180.921875,not_applicable,not_applicable,dedicated_process
opf_dinov2,0.1,1,42,89,0.2181,0.7948,1.0,"{'traffic_light': 47, 'regulatory': 120}",OPF root + quota on the full pool,5.296503541059792,5.296503541059792,4.994298,170.765625,257.984375,not_applicable,full_pool,dedicated_process
typiclust_dinov2,0.1,1,42,89,0.1654,0.6951,0.263,"{'traffic_light': 40, 'regulatory': 102}",TypiClust,149.81222995801363,18.726528744751704,687.6608370000001,171.171875,180.640625,sklearn_cosine_knn,not_applicable,dedicated_process
typiclust_dinov2,0.1,2,43,89,0.1659,0.5418,0.263,"{'regulatory': 99, 'traffic_light': 42}",TypiClust,149.81222995801363,18.726528744751704,687.6608370000001,171.171875,180.640625,sklearn_cosine_knn,not_applicable,dedicated_process
typiclust_dinov2,0.1,3,44,89,0.1663,0.5766,0.263,"{'traffic_light': 45, 'regulatory': 105}",TypiClust,149.81222995801363,18.726528744751704,687.6608370000001,171.171875,180.640625,sklearn_cosine_knn,not_applicable,dedicated_process
typiclust_dinov2,0.1,4,45,89,0.1658,0.6868,0.263,"{'traffic_light': 49, 'regulatory': 99}",TypiClust,149.81222995801363,18.726528744751704,687.6608370000001,171.171875,180.640625,sklearn_cosine_knn,not_applicable,dedicated_process
typiclust_dinov2,0.1,5,46,89,0.1657,0.6272,0.263,"{'traffic_light': 47, 'regulatory': 103}",TypiClust,149.81222995801363,18.726528744751704,687.6608370000001,171.171875,180.640625,sklearn_cosine_knn,not_applicable,dedicated_process
typiclust_dinov2,0.1,6,47,89,0.166,0.5418,0.263,"{'regulatory': 103, 'traffic_light': 41}",TypiClust,149.81222995801363,18.726528744751704,687.6608370000001,171.171875,180.640625,sklearn_cosine_knn,not_applicable,dedicated_process
typiclust_dinov2,0.1,7,48,89,0.1673,0.6868,0.263,"{'traffic_light': 39, 'regulatory': 95}",TypiClust,149.81222995801363,18.726528744751704,687.6608370000001,171.171875,180.640625,sklearn_cosine_knn,not_applicable,dedicated_process
typiclust_dinov2,0.1,8,49,89,0.166,0.6868,0.263,"{'traffic_light': 42, 'regulatory': 99}",TypiClust,149.81222995801363,18.726528744751704,687.6608370000001,171.171875,180.640625,sklearn_cosine_knn,not_applicable,dedicated_process
probcover_dinov2,0.1,1,42,89,0.177,0.7087,0.378,"{'traffic_light': 46, 'regulatory': 103}",ProbCover; unlabeled delta at purity >= 0.95,136.86535966699012,17.108169958373765,612.2035500000001,170.671875,191.59375,not_applicable,not_applicable,dedicated_process
probcover_dinov2,0.1,2,43,89,0.1748,0.7087,0.378,"{'traffic_light': 43, 'regulatory': 108}",ProbCover; unlabeled delta at purity >= 0.95,136.86535966699012,17.108169958373765,612.2035500000001,170.671875,191.59375,not_applicable,not_applicable,dedicated_process
probcover_dinov2,0.1,3,44,89,0.1743,0.7087,0.378,"{'regulatory': 98, 'traffic_light': 42}",ProbCover; unlabeled delta at purity >= 0.95,136.86535966699012,17.108169958373765,612.2035500000001,170.671875,191.59375,not_applicable,not_applicable,dedicated_process
probcover_dinov2,0.1,4,45,89,0.1748,0.7054,0.378,"{'traffic_light': 38, 'regulatory': 105}",ProbCover; unlabeled delta at purity >= 0.95,136.86535966699012,17.108169958373765,612.2035500000001,170.671875,191.59375,not_applicable,not_applicable,dedicated_process
probcover_dinov2,0.1,5,46,89,0.174,0.7054,0.378,"{'regulatory': 103, 'traffic_light': 47}",ProbCover; unlabeled delta at purity >= 0.95,136.86535966699012,17.108169958373765,612.2035500000001,170.671875,191.59375,not_applicable,not_applicable,dedicated_process
probcover_dinov2,0.1,6,47,89,0.1758,0.7406,0.378,"{'traffic_light': 37, 'regulatory': 104}",ProbCover; unlabeled delta at purity >= 0.95,136.86535966699012,17.108169958373765,612.2035500000001,170.671875,191.59375,not_applicable,not_applicable,dedicated_process
probcover_dinov2,0.1,7,48,89,0.1762,0.7087,0.378,"{'traffic_light': 46, 'regulatory': 106}",ProbCover; unlabeled delta at purity >= 0.95,136.86535966699012,17.108169958373765,612.2035500000001,170.671875,191.59375,not_applicable,not_applicable,dedicated_process
probcover_dinov2,0.1,8,49,89,0.1746,0.7087,0.378,"{'traffic_light': 43, 'regulatory': 101}",ProbCover; unlabeled delta at purity >= 0.95,136.86535966699012,17.108169958373765,612.2035500000001,170.671875,191.59375,not_applicable,not_applicable,dedicated_process
freesel_dino,0.1,1,42,89,0.2059,0.5533,0.428,"{'regulatory': 96, 'traffic_light': 30}",FreeSel; FDS on local DINO patterns,14.091330166906118,1.7614162708632648,62.713294000000005,170.984375,181.390625,not_applicable,not_applicable,dedicated_process
freesel_dino,0.1,2,43,89,0.2136,0.496,0.428,"{'regulatory': 93, 'traffic_light': 28}",FreeSel; FDS on local DINO patterns,14.091330166906118,1.7614162708632648,62.713294000000005,170.984375,181.390625,not_applicable,not_applicable,dedicated_process
freesel_dino,0.1,3,44,89,0.2122,0.6314,0.428,"{'regulatory': 98, 'traffic_light': 30}",FreeSel; FDS on local DINO patterns,14.091330166906118,1.7614162708632648,62.713294000000005,170.984375,181.390625,not_applicable,not_applicable,dedicated_process
freesel_dino,0.1,4,45,89,0.2091,0.5751,0.428,"{'regulatory': 95, 'traffic_light': 28}",FreeSel; FDS on local DINO patterns,14.091330166906118,1.7614162708632648,62.713294000000005,170.984375,181.390625,not_applicable,not_applicable,dedicated_process
freesel_dino,0.1,5,46,89,0.2169,0.5295,0.428,"{'regulatory': 91, 'traffic_light': 30}",FreeSel; FDS on local DINO patterns,14.091330166906118,1.7614162708632648,62.713294000000005,170.984375,181.390625,not_applicable,not_applicable,dedicated_process
freesel_dino,0.1,6,47,89,0.2154,0.6583,0.428,"{'regulatory': 101, 'traffic_light': 25}",FreeSel; FDS on local DINO patterns,14.091330166906118,1.7614162708632648,62.713294000000005,170.984375,181.390625,not_applicable,not_applicable,dedicated_process
freesel_dino,0.1,7,48,89,0.2077,0.6583,0.428,"{'regulatory': 96, 'traffic_light': 31}",FreeSel; FDS on local DINO patterns,14.091330166906118,1.7614162708632648,62.713294000000005,170.984375,181.390625,not_applicable,not_applicable,dedicated_process
freesel_dino,0.1,8,49,89,0.2051,0.6378,0.428,"{'regulatory': 95, 'traffic_light': 32}",FreeSel; FDS on local DINO patterns,14.091330166906118,1.7614162708632648,62.713294000000005,170.984375,181.390625,not_applicable,not_applicable,dedicated_process
random,0.2,1,42,178,0.155,0.7173,0.114,"{'regulatory': 197, 'traffic_light': 93}",random sampling control,0.0014393329620361328,0.0001799166202545166,0.0015600000000000058,170.9375,171.109375,not_applicable,not_applicable,dedicated_process
random,0.2,2,43,178,0.1519,0.6868,0.114,"{'regulatory': 221, 'traffic_light': 59}",random sampling control,0.0014393329620361328,0.0001799166202545166,0.0015600000000000058,170.9375,171.109375,not_applicable,not_applicable,dedicated_process
random,0.2,3,44,178,0.1559,0.876,0.114,"{'regulatory': 198, 'traffic_light': 89}",random sampling control,0.0014393329620361328,0.0001799166202545166,0.0015600000000000058,170.9375,171.109375,not_applicable,not_applicable,dedicated_process
random,0.2,4,45,178,0.1593,0.6951,0.114,"{'regulatory': 203, 'traffic_light': 82}",random sampling control,0.0014393329620361328,0.0001799166202545166,0.0015600000000000058,170.9375,171.109375,not_applicable,not_applicable,dedicated_process
random,0.2,5,46,178,0.1578,0.6378,0.114,"{'regulatory': 217, 'traffic_light': 69}",random sampling control,0.0014393329620361328,0.0001799166202545166,0.0015600000000000058,170.9375,171.109375,not_applicable,not_applicable,dedicated_process
random,0.2,6,47,178,0.1563,0.7731,0.114,"{'regulatory': 216, 'traffic_light': 67}",random sampling control,0.0014393329620361328,0.0001799166202545166,0.0015600000000000058,170.9375,171.109375,not_applicable,not_applicable,dedicated_process
random,0.2,7,48,178,0.1555,0.8531,0.114,"{'traffic_light': 72, 'regulatory': 194}",random sampling control,0.0014393329620361328,0.0001799166202545166,0.0015600000000000058,170.9375,171.109375,not_applicable,not_applicable,dedicated_process
random,0.2,8,49,178,0.1519,0.6868,0.114,"{'traffic_light': 86, 'regulatory': 199}",random sampling control,0.0014393329620361328,0.0001799166202545166,0.0015600000000000058,170.9375,171.109375,not_applicable,not_applicable,dedicated_process
kmeans_dinov2,0.2,1,42,178,0.1214,0.4408,0.404,"{'traffic_light': 104, 'regulatory': 193}",k-means + sample nearest to centroid on DINOv2 embeddings,623.959587667021,77.99494845837762,2830.8631149999997,170.9375,182.140625,not_applicable,not_applicable,dedicated_process
kmeans_dinov2,0.2,2,43,178,0.1216,0.3712,0.404,"{'regulatory': 196, 'traffic_light': 85}",k-means + sample nearest to centroid on DINOv2 embeddings,623.959587667021,77.99494845837762,2830.8631149999997,170.9375,182.140625,not_applicable,not_applicable,dedicated_process
kmeans_dinov2,0.2,3,44,178,0.1223,0.4408,0.404,"{'traffic_light': 88, 'regulatory': 203}",k-means + sample nearest to centroid on DINOv2 embeddings,623.959587667021,77.99494845837762,2830.8631149999997,170.9375,182.140625,not_applicable,not_applicable,dedicated_process
kmeans_dinov2,0.2,4,45,178,0.1214,0.3803,0.404,"{'regulatory': 192, 'traffic_light': 96}",k-means + sample nearest to centroid on DINOv2 embeddings,623.959587667021,77.99494845837762,2830.8631149999997,170.9375,182.140625,not_applicable,not_applicable,dedicated_process
kmeans_dinov2,0.2,5,46,178,0.1228,0.38,0.404,"{'regulatory': 204, 'traffic_light': 82}",k-means + sample nearest to centroid on DINOv2 embeddings,623.959587667021,77.99494845837762,2830.8631149999997,170.9375,182.140625,not_applicable,not_applicable,dedicated_process
kmeans_dinov2,0.2,6,47,178,0.1218,0.4353,0.404,"{'regulatory': 199, 'traffic_light': 94}",k-means + sample nearest to centroid on DINOv2 embeddings,623.959587667021,77.99494845837762,2830.8631149999997,170.9375,182.140625,not_applicable,not_applicable,dedicated_process
kmeans_dinov2,0.2,7,48,178,0.1226,0.4376,0.404,"{'regulatory': 200, 'traffic_light': 91}",k-means + sample nearest to centroid on DINOv2 embeddings,623.959587667021,77.99494845837762,2830.8631149999997,170.9375,182.140625,not_applicable,not_applicable,dedicated_process
kmeans_dinov2,0.2,8,49,178,0.1217,0.4092,0.404,"{'regulatory': 216, 'traffic_light': 84}",k-means + sample nearest to centroid on DINOv2 embeddings,623.959587667021,77.99494845837762,2830.8631149999997,170.9375,182.140625,not_applicable,not_applicable,dedicated_process
opf_dinov2,0.2,1,42,178,0.1798,0.7173,1.0,"{'regulatory': 223, 'traffic_light': 91}",OPF root + quota on the full pool,5.6608182499185205,5.6608182499185205,5.040353,170.53125,246.921875,not_applicable,full_pool,dedicated_process
typiclust_dinov2,0.2,1,42,178,0.1222,0.3804,0.382,"{'regulatory': 189, 'traffic_light': 86}",TypiClust,267.9854927499546,33.49818659374432,1154.321002,171.640625,182.359375,sklearn_cosine_knn,not_applicable,dedicated_process
typiclust_dinov2,0.2,2,43,178,0.1225,0.4092,0.382,"{'regulatory': 197, 'traffic_light': 85}",TypiClust,267.9854927499546,33.49818659374432,1154.321002,171.640625,182.359375,sklearn_cosine_knn,not_applicable,dedicated_process
typiclust_dinov2,0.2,3,44,178,0.1223,0.4408,0.382,"{'traffic_light': 88, 'regulatory': 203}",TypiClust,267.9854927499546,33.49818659374432,1154.321002,171.640625,182.359375,sklearn_cosine_knn,not_applicable,dedicated_process
typiclust_dinov2,0.2,4,45,178,0.1225,0.38,0.382,"{'regulatory': 196, 'traffic_light': 89}",TypiClust,267.9854927499546,33.49818659374432,1154.321002,171.640625,182.359375,sklearn_cosine_knn,not_applicable,dedicated_process
typiclust_dinov2,0.2,5,46,178,0.1228,0.38,0.382,"{'regulatory': 202, 'traffic_light': 83}",TypiClust,267.9854927499546,33.49818659374432,1154.321002,171.640625,182.359375,sklearn_cosine_knn,not_applicable,dedicated_process
typiclust_dinov2,0.2,6,47,178,0.1219,0.4353,0.382,"{'regulatory': 199, 'traffic_light': 94}",TypiClust,267.9854927499546,33.49818659374432,1154.321002,171.640625,182.359375,sklearn_cosine_knn,not_applicable,dedicated_process
typiclust_dinov2,0.2,7,48,178,0.1226,0.4376,0.382,"{'regulatory': 200, 'traffic_light': 91}",TypiClust,267.9854927499546,33.49818659374432,1154.321002,171.640625,182.359375,sklearn_cosine_knn,not_applicable,dedicated_process
typiclust_dinov2,0.2,8,49,178,0.1224,0.478,0.382,"{'regulatory': 189, 'traffic_light': 90}",TypiClust,267.9854927499546,33.49818659374432,1154.321002,171.640625,182.359375,sklearn_cosine_knn,not_applicable,dedicated_process
probcover_dinov2,0.2,1,42,178,0.1322,0.4195,0.38,"{'regulatory': 193, 'traffic_light': 94}",ProbCover; unlabeled delta at purity >= 0.95,317.876577709103,39.734572213637875,1320.5258330000001,170.734375,187.015625,not_applicable,not_applicable,dedicated_process
probcover_dinov2,0.2,2,43,178,0.134,0.6951,0.38,"{'traffic_light': 95, 'regulatory': 199}",ProbCover; unlabeled delta at purity >= 0.95,317.876577709103,39.734572213637875,1320.5258330000001,170.734375,187.015625,not_applicable,not_applicable,dedicated_process
probcover_dinov2,0.2,3,44,178,0.1335,0.4837,0.38,"{'regulatory': 193, 'traffic_light': 92}",ProbCover; unlabeled delta at purity >= 0.95,317.876577709103,39.734572213637875,1320.5258330000001,170.734375,187.015625,not_applicable,not_applicable,dedicated_process
probcover_dinov2,0.2,4,45,178,0.1339,0.5295,0.38,"{'traffic_light': 99, 'regulatory': 187}",ProbCover; unlabeled delta at purity >= 0.95,317.876577709103,39.734572213637875,1320.5258330000001,170.734375,187.015625,not_applicable,not_applicable,dedicated_process
probcover_dinov2,0.2,5,46,178,0.1338,0.6868,0.38,"{'regulatory': 195, 'traffic_light': 91}",ProbCover; unlabeled delta at purity >= 0.95,317.876577709103,39.734572213637875,1320.5258330000001,170.734375,187.015625,not_applicable,not_applicable,dedicated_process
probcover_dinov2,0.2,6,47,178,0.1339,0.6951,0.38,"{'traffic_light': 97, 'regulatory': 202}",ProbCover; unlabeled delta at purity >= 0.95,317.876577709103,39.734572213637875,1320.5258330000001,170.734375,187.015625,not_applicable,not_applicable,dedicated_process
probcover_dinov2,0.2,7,48,178,0.1348,0.6951,0.38,"{'regulatory': 204, 'traffic_light': 92}",ProbCover; unlabeled delta at purity >= 0.95,317.876577709103,39.734572213637875,1320.5258330000001,170.734375,187.015625,not_applicable,not_applicable,dedicated_process
probcover_dinov2,0.2,8,49,178,0.134,0.6951,0.38,"{'regulatory': 192, 'traffic_light': 92}",ProbCover; unlabeled delta at purity >= 0.95,317.876577709103,39.734572213637875,1320.5258330000001,170.734375,187.015625,not_applicable,not_applicable,dedicated_process
freesel_dino,0.2,1,42,178,0.1553,0.5132,0.614,"{'regulatory': 188, 'traffic_light': 70}",FreeSel; FDS on local DINO patterns,35.11741795798298,4.3896772447478725,153.05896399999997,168.359375,178.90625,not_applicable,not_applicable,dedicated_process
freesel_dino,0.2,2,43,178,0.1532,0.4837,0.614,"{'regulatory': 192, 'traffic_light': 65}",FreeSel; FDS on local DINO patterns,35.11741795798298,4.3896772447478725,153.05896399999997,168.359375,178.90625,not_applicable,not_applicable,dedicated_process
freesel_dino,0.2,3,44,178,0.1534,0.5287,0.614,"{'regulatory': 196, 'traffic_light': 64}",FreeSel; FDS on local DINO patterns,35.11741795798298,4.3896772447478725,153.05896399999997,168.359375,178.90625,not_applicable,not_applicable,dedicated_process
freesel_dino,0.2,4,45,178,0.1535,0.4837,0.614,"{'regulatory': 197, 'traffic_light': 63}",FreeSel; FDS on local DINO patterns,35.11741795798298,4.3896772447478725,153.05896399999997,168.359375,178.90625,not_applicable,not_applicable,dedicated_process
freesel_dino,0.2,5,46,178,0.1531,0.5287,0.614,"{'regulatory': 192, 'traffic_light': 72}",FreeSel; FDS on local DINO patterns,35.11741795798298,4.3896772447478725,153.05896399999997,168.359375,178.90625,not_applicable,not_applicable,dedicated_process
freesel_dino,0.2,6,47,178,0.1523,0.4837,0.614,"{'regulatory': 191, 'traffic_light': 66}",FreeSel; FDS on local DINO patterns,35.11741795798298,4.3896772447478725,153.05896399999997,168.359375,178.90625,not_applicable,not_applicable,dedicated_process
freesel_dino,0.2,7,48,178,0.1525,0.4837,0.614,"{'regulatory': 202, 'traffic_light': 68}",FreeSel; FDS on local DINO patterns,35.11741795798298,4.3896772447478725,153.05896399999997,168.359375,178.90625,not_applicable,not_applicable,dedicated_process
freesel_dino,0.2,8,49,178,0.1537,0.4837,0.614,"{'regulatory': 193, 'traffic_light': 71}",FreeSel; FDS on local DINO patterns,35.11741795798298,4.3896772447478725,153.05896399999997,168.359375,178.90625,not_applicable,not_applicable,dedicated_process
random,0.5,1,42,444,0.0766,0.5032,0.336,"{'traffic_light': 204, 'regulatory': 519}",random sampling control,0.0017599170096218586,0.00021998962620273232,0.001886999999999972,171.578125,171.75,not_applicable,not_applicable,dedicated_process
random,0.5,2,43,444,0.0792,0.5418,0.336,"{'regulatory': 516, 'traffic_light': 171}",random sampling control,0.0017599170096218586,0.00021998962620273232,0.001886999999999972,171.578125,171.75,not_applicable,not_applicable,dedicated_process
random,0.5,3,44,444,0.0798,0.7034,0.336,"{'regulatory': 502, 'traffic_light': 200}",random sampling control,0.0017599170096218586,0.00021998962620273232,0.001886999999999972,171.578125,171.75,not_applicable,not_applicable,dedicated_process
random,0.5,4,45,444,0.0786,0.6272,0.336,"{'regulatory': 504, 'traffic_light': 205}",random sampling control,0.0017599170096218586,0.00021998962620273232,0.001886999999999972,171.578125,171.75,not_applicable,not_applicable,dedicated_process
random,0.5,5,46,444,0.0828,0.6314,0.336,"{'regulatory': 522, 'traffic_light': 183}",random sampling control,0.0017599170096218586,0.00021998962620273232,0.001886999999999972,171.578125,171.75,not_applicable,not_applicable,dedicated_process
random,0.5,6,47,444,0.0788,0.6272,0.336,"{'regulatory': 526, 'traffic_light': 147}",random sampling control,0.0017599170096218586,0.00021998962620273232,0.001886999999999972,171.578125,171.75,not_applicable,not_applicable,dedicated_process
random,0.5,7,48,444,0.0754,0.6409,0.336,"{'regulatory': 510, 'traffic_light': 202}",random sampling control,0.0017599170096218586,0.00021998962620273232,0.001886999999999972,171.578125,171.75,not_applicable,not_applicable,dedicated_process
random,0.5,8,49,444,0.0766,0.6314,0.336,"{'regulatory': 485, 'traffic_light': 195}",random sampling control,0.0017599170096218586,0.00021998962620273232,0.001886999999999972,171.578125,171.75,not_applicable,not_applicable,dedicated_process
kmeans_dinov2,0.5,1,42,444,0.0524,0.2135,0.697,"{'regulatory': 489, 'traffic_light': 212}",k-means + sample nearest to centroid on DINOv2 embeddings,1753.9447192909429,219.24308991136786,6890.123356,170.953125,177.75,not_applicable,not_applicable,dedicated_process
kmeans_dinov2,0.5,2,43,444,0.0523,0.2002,0.697,"{'regulatory': 507, 'traffic_light': 215}",k-means + sample nearest to centroid on DINOv2 embeddings,1753.9447192909429,219.24308991136786,6890.123356,170.953125,177.75,not_applicable,not_applicable,dedicated_process
kmeans_dinov2,0.5,3,44,444,0.0526,0.2127,0.697,"{'regulatory': 501, 'traffic_light': 210}",k-means + sample nearest to centroid on DINOv2 embeddings,1753.9447192909429,219.24308991136786,6890.123356,170.953125,177.75,not_applicable,not_applicable,dedicated_process
kmeans_dinov2,0.5,4,45,444,0.0525,0.2284,0.697,"{'regulatory': 495, 'traffic_light': 213}",k-means + sample nearest to centroid on DINOv2 embeddings,1753.9447192909429,219.24308991136786,6890.123356,170.953125,177.75,not_applicable,not_applicable,dedicated_process
kmeans_dinov2,0.5,5,46,444,0.0523,0.2135,0.697,"{'regulatory': 503, 'traffic_light': 214}",k-means + sample nearest to centroid on DINOv2 embeddings,1753.9447192909429,219.24308991136786,6890.123356,170.953125,177.75,not_applicable,not_applicable,dedicated_process
kmeans_dinov2,0.5,6,47,444,0.0522,0.214,0.697,"{'regulatory': 496, 'traffic_light': 221}",k-means + sample nearest to centroid on DINOv2 embeddings,1753.9447192909429,219.24308991136786,6890.123356,170.953125,177.75,not_applicable,not_applicable,dedicated_process
kmeans_dinov2,0.5,7,48,444,0.0523,0.2064,0.697,"{'regulatory': 493, 'traffic_light': 210}",k-means + sample nearest to centroid on DINOv2 embeddings,1753.9447192909429,219.24308991136786,6890.123356,170.953125,177.75,not_applicable,not_applicable,dedicated_process
kmeans_dinov2,0.5,8,49,444,0.0522,0.1988,0.697,"{'regulatory': 497, 'traffic_light': 211}",k-means + sample nearest to centroid on DINOv2 embeddings,1753.9447192909429,219.24308991136786,6890.123356,170.953125,177.75,not_applicable,not_applicable,dedicated_process
opf_dinov2,0.5,1,42,444,0.1103,0.7173,1.0,"{'regulatory': 519, 'traffic_light': 235}",OPF root + quota on the full pool,6.73596587497741,6.73596587497741,5.309279,171.234375,257.796875,not_applicable,full_pool,dedicated_process
typiclust_dinov2,0.5,1,42,444,0.0524,0.2224,0.697,"{'regulatory': 490, 'traffic_light': 208}",TypiClust,823.8264841249911,102.97831051562389,3590.932273,171.46875,177.578125,sklearn_cosine_knn,not_applicable,dedicated_process
typiclust_dinov2,0.5,2,43,444,0.0523,0.2002,0.697,"{'regulatory': 507, 'traffic_light': 215}",TypiClust,823.8264841249911,102.97831051562389,3590.932273,171.46875,177.578125,sklearn_cosine_knn,not_applicable,dedicated_process
typiclust_dinov2,0.5,3,44,444,0.0526,0.2013,0.697,"{'regulatory': 498, 'traffic_light': 206}",TypiClust,823.8264841249911,102.97831051562389,3590.932273,171.46875,177.578125,sklearn_cosine_knn,not_applicable,dedicated_process
typiclust_dinov2,0.5,4,45,444,0.0525,0.2234,0.697,"{'regulatory': 493, 'traffic_light': 205}",TypiClust,823.8264841249911,102.97831051562389,3590.932273,171.46875,177.578125,sklearn_cosine_knn,not_applicable,dedicated_process
typiclust_dinov2,0.5,5,46,444,0.0524,0.232,0.697,"{'regulatory': 501, 'traffic_light': 209}",TypiClust,823.8264841249911,102.97831051562389,3590.932273,171.46875,177.578125,sklearn_cosine_knn,not_applicable,dedicated_process
typiclust_dinov2,0.5,6,47,444,0.0522,0.214,0.697,"{'regulatory': 497, 'traffic_light': 218}",TypiClust,823.8264841249911,102.97831051562389,3590.932273,171.46875,177.578125,sklearn_cosine_knn,not_applicable,dedicated_process
typiclust_dinov2,0.5,7,48,444,0.0523,0.2064,0.697,"{'regulatory': 494, 'traffic_light': 210}",TypiClust,823.8264841249911,102.97831051562389,3590.932273,171.46875,177.578125,sklearn_cosine_knn,not_applicable,dedicated_process
typiclust_dinov2,0.5,8,49,444,0.0526,0.214,0.697,"{'regulatory': 495, 'traffic_light': 211}",TypiClust,823.8264841249911,102.97831051562389,3590.932273,171.46875,177.578125,sklearn_cosine_knn,not_applicable,dedicated_process
probcover_dinov2,0.5,1,42,444,0.0674,0.2135,0.755,"{'regulatory': 507, 'traffic_light': 215}",ProbCover; unlabeled delta at purity >= 0.95,797.7368308339501,99.71710385424376,3852.1619049999995,171.03125,199.40625,not_applicable,not_applicable,dedicated_process
probcover_dinov2,0.5,2,43,444,0.068,0.2135,0.755,"{'regulatory': 511, 'traffic_light': 215}",ProbCover; unlabeled delta at purity >= 0.95,797.7368308339501,99.71710385424376,3852.1619049999995,171.03125,199.40625,not_applicable,not_applicable,dedicated_process
probcover_dinov2,0.5,3,44,444,0.0675,0.2135,0.755,"{'regulatory': 501, 'traffic_light': 218}",ProbCover; unlabeled delta at purity >= 0.95,797.7368308339501,99.71710385424376,3852.1619049999995,171.03125,199.40625,not_applicable,not_applicable,dedicated_process
probcover_dinov2,0.5,4,45,444,0.0679,0.2135,0.755,"{'regulatory': 505, 'traffic_light': 213}",ProbCover; unlabeled delta at purity >= 0.95,797.7368308339501,99.71710385424376,3852.1619049999995,171.03125,199.40625,not_applicable,not_applicable,dedicated_process
probcover_dinov2,0.5,5,46,444,0.0668,0.2135,0.755,"{'regulatory': 497, 'traffic_light': 220}",ProbCover; unlabeled delta at purity >= 0.95,797.7368308339501,99.71710385424376,3852.1619049999995,171.03125,199.40625,not_applicable,not_applicable,dedicated_process
probcover_dinov2,0.5,6,47,444,0.0678,0.2135,0.755,"{'regulatory': 507, 'traffic_light': 220}",ProbCover; unlabeled delta at purity >= 0.95,797.7368308339501,99.71710385424376,3852.1619049999995,171.03125,199.40625,not_applicable,not_applicable,dedicated_process
probcover_dinov2,0.5,7,48,444,0.0684,0.2135,0.755,"{'regulatory': 500, 'traffic_light': 218}",ProbCover; unlabeled delta at purity >= 0.95,797.7368308339501,99.71710385424376,3852.1619049999995,171.03125,199.40625,not_applicable,not_applicable,dedicated_process
probcover_dinov2,0.5,8,49,444,0.0659,0.216,0.755,"{'regulatory': 501, 'traffic_light': 221}",ProbCover; unlabeled delta at purity >= 0.95,797.7368308339501,99.71710385424376,3852.1619049999995,171.03125,199.40625,not_applicable,not_applicable,dedicated_process
freesel_dino,0.5,1,42,444,0.0702,0.3619,0.853,"{'regulatory': 490, 'traffic_light': 172}",FreeSel; FDS on local DINO patterns,78.8401366249891,9.855017078123637,365.824513,170.953125,181.359375,not_applicable,not_applicable,dedicated_process
freesel_dino,0.5,2,43,444,0.0693,0.38,0.853,"{'regulatory': 489, 'traffic_light': 176}",FreeSel; FDS on local DINO patterns,78.8401366249891,9.855017078123637,365.824513,170.953125,181.359375,not_applicable,not_applicable,dedicated_process
freesel_dino,0.5,3,44,444,0.07,0.5287,0.853,"{'regulatory': 487, 'traffic_light': 177}",FreeSel; FDS on local DINO patterns,78.8401366249891,9.855017078123637,365.824513,170.953125,181.359375,not_applicable,not_applicable,dedicated_process
freesel_dino,0.5,4,45,444,0.0698,0.38,0.853,"{'regulatory': 492, 'traffic_light': 173}",FreeSel; FDS on local DINO patterns,78.8401366249891,9.855017078123637,365.824513,170.953125,181.359375,not_applicable,not_applicable,dedicated_process
freesel_dino,0.5,5,46,444,0.0706,0.5287,0.853,"{'regulatory': 482, 'traffic_light': 184}",FreeSel; FDS on local DINO patterns,78.8401366249891,9.855017078123637,365.824513,170.953125,181.359375,not_applicable,not_applicable,dedicated_process
freesel_dino,0.5,6,47,444,0.0699,0.38,0.853,"{'regulatory': 492, 'traffic_light': 174}",FreeSel; FDS on local DINO patterns,78.8401366249891,9.855017078123637,365.824513,170.953125,181.359375,not_applicable,not_applicable,dedicated_process
freesel_dino,0.5,7,48,444,0.0704,0.3858,0.853,"{'regulatory': 492, 'traffic_light': 174}",FreeSel; FDS on local DINO patterns,78.8401366249891,9.855017078123637,365.824513,170.953125,181.359375,not_applicable,not_applicable,dedicated_process
freesel_dino,0.5,8,49,444,0.0697,0.3858,0.853,"{'regulatory': 492, 'traffic_light': 176}",FreeSel; FDS on local DINO patterns,78.8401366249891,9.855017078123637,365.824513,170.953125,181.359375,not_applicable,not_applicable,dedicated_process
